SET GLOBAL MAX_ALLOWED_PACKET=1073741824;

DELETE FROM BOOKS_AUTHORS;
DELETE FROM BOOKS;
DELETE FROM AUTHORS;
DELETE FROM CATEGORIES;

INSERT INTO CATEGORIES(ID, NAME, DESCRIPTION) VALUES(1, 'Category A', 'Description A');
INSERT INTO CATEGORIES(ID, NAME, DESCRIPTION) VALUES(2, 'Category B', 'Description B');
INSERT INTO CATEGORIES(ID, NAME, DESCRIPTION) VALUES(3, 'Category C', 'Description C');

INSERT INTO AUTHORS(ID, NAME, EMAIL, DESCRIPTION) VALUES(1, 'Author A', 'authorA@gmail.com', 'Description A');
INSERT INTO AUTHORS(ID, NAME, EMAIL, DESCRIPTION) VALUES(2, 'Author B', 'authorB@gmail.com', 'Description B');
INSERT INTO AUTHORS(ID, NAME, EMAIL, DESCRIPTION) VALUES(3, 'Author C', 'authorC@gmail.com', 'Description C');

INSERT INTO BOOKS(ID, TITLE, ISBN, LANGUAGE, CATEGORY_ID, CONTENT, DESCRIPTION)
VALUES(1, 'Bookss A', '171-1-4842-3197-5', 'ENGLISH', 1, LOAD_FILE('C:\\ProgramData\\MySQL\\MySQL Server 5.7\\Uploads\\codeconventions.pdf'),
'Description');

INSERT INTO BOOKS(ID, TITLE, ISBN, LANGUAGE, CATEGORY_ID, CONTENT, DESCRIPTION)
VALUES(2, 'Title B', '172-1-4842-3197-5', 'FRENCH', 2, LOAD_FILE('C:\\ProgramData\\MySQL\\MySQL Server 5.7\\Uploads\\codeconventions.pdf'),
'Description');

INSERT INTO BOOKS(ID, TITLE, ISBN, LANGUAGE, CATEGORY_ID, CONTENT, DESCRIPTION)
VALUES(3, 'BookS B', '173-1-4842-3197-5', 'ENGLISH', 1, LOAD_FILE('C:\\ProgramData\\MySQL\\MySQL Server 5.7\\Uploads\\codeconventions.pdf'),
'Description');

INSERT INTO BOOKS(ID, TITLE, ISBN, LANGUAGE, CATEGORY_ID, CONTENT, DESCRIPTION)
VALUES(4, 'Title C', '174-1-4842-3197-5', 'FRENCH', 3, LOAD_FILE('C:\\ProgramData\\MySQL\\MySQL Server 5.7\\Uploads\\codeconventions.pdf'),
'Description');

INSERT INTO BOOKS(ID, TITLE, ISBN, LANGUAGE, CATEGORY_ID, CONTENT, DESCRIPTION)
VALUES(5, 'BookSS D', '175-1-4842-3197-5', 'FRENCH', 1, LOAD_FILE('C:\\ProgramData\\MySQL\\MySQL Server 5.7\\Uploads\\codeconventions.pdf'),
'Description');

INSERT INTO BOOKS_AUTHORS(BOOK_ID, AUTHOR_ID) values(1, 1);
INSERT INTO BOOKS_AUTHORS(BOOK_ID, AUTHOR_ID) values(2, 1);
INSERT INTO BOOKS_AUTHORS(BOOK_ID, AUTHOR_ID) values(1, 2);
INSERT INTO BOOKS_AUTHORS(BOOK_ID, AUTHOR_ID) values(3, 3);
INSERT INTO BOOKS_AUTHORS(BOOK_ID, AUTHOR_ID) values(4, 3);
INSERT INTO BOOKS_AUTHORS(BOOK_ID, AUTHOR_ID) values(5, 3);

